adj_amb,cond_group,item,verb_bias,explanation,pronoun,pronoun_type,new_sent,question_answers,Ferstl_verb_eng,Ferstl_sem_cat,Ferstl_eng_verb_length,Ferstl_eng_verb_freq,Ferstl_val,Ferstl_IVC,adj,german_adj_freq,german_adj_length,verb,german_verb_freq,german_verb_length,Susanne_avgRating_Score,story,question,left,right,left_pronoun,right_pronoun,correct
amb,1,9,neutral,congruent,er,unamb,"Der Richter klagte die Frau an, weil er seit einiger Zeit unmoralisch war und die Normen missachtete.",Seit wann war er unmoralisch? (seit einiger Zeit / schon seit Monaten),accused,AgEvo,7,90,-2.0,2.0,unmoralisch,2.3,11,klagte,2.97,6,43.75,"Der_Richter klagte die_Frau an, weil er seit einiger Zeit unmoralisch war und die_Normen missachtete.",Seit wann war er unmoralisch?,seit einiger Zeit,schon seit Monaten,er,er,F
amb,2,9,neutral,congruent,sie,unamb,"Der Richter klagte die Frau an, weil sie seit einiger Zeit unmöglich war und die Unruhe verursachte.",Seit wann war sie unmöglich? (seit einiger Zeit / schon seit Monaten),accused,AgEvo,7,90,-2.0,2.0,unmöglich,36.13,9,klagte,2.97,6,43.75,"Der_Richter klagte die_Frau an, weil sie seit einiger Zeit unmöglich war und die_Unruhe verursachte.",Seit wann war sie unmöglich?,seit einiger Zeit,schon seit Monaten,er,er,F
amb,3,9,neutral,congruent,sie,unamb,"Die Richterin klagte den Mann an, weil sie seit einiger Zeit unmoralisch war und die Normen missachtete.",Seit wann war sie unmoralisch? (seit einiger Zeit / schon seit Monaten),accused,AgEvo,7,90,-2.0,2.0,unmoralisch,2.3,11,klagte,2.97,6,43.75,"Die_Richterin klagte den_Mann an, weil sie seit einiger Zeit unmoralisch war und die_Normen missachtete.",Seit wann war sie unmoralisch?,seit einiger Zeit,schon seit Monaten,er,er,F
amb,4,9,neutral,congruent,er,unamb,"Die Richterin klagte den Mann an, weil sie seit einiger Zeit unmöglich war und die Unruhe verursachte.",Seit wann war sie unmöglich? (seit einiger Zeit / schon seit Monaten),accused,AgEvo,7,90,-2.0,2.0,unmöglich,36.13,9,klagte,2.97,6,43.75,"Die_Richterin klagte den_Mann an, weil sie seit einiger Zeit unmöglich war und die_Unruhe verursachte.",Seit wann war sie unmöglich?,seit einiger Zeit,schon seit Monaten,er,er,F
amb,5,9,neutral,congruent,er,amb,"Der Richter klagte den Mann an, weil er seit einiger Zeit unmoralisch war und die Normen missachtete.",Wer war unmoralisch? (der Richter / der Mann),accused,AgEvo,7,90,-2.0,2.0,unmoralisch,2.3,11,klagte,2.97,6,43.75,"Der_Richter klagte den_Mann an, weil er seit einiger Zeit unmoralisch war und die_Normen missachtete.",Wer war unmoralisch?,der Richter,der Mann,er,er,FJ
amb,6,9,neutral,congruent,er,amb,"Der Richter klagte den Mann an, weil er seit einiger Zeit unmöglich war und die Unruhe verursachte.",Wer war unmöglich? (der Richter / der Mann),accused,AgEvo,7,90,-2.0,2.0,unmöglich,36.13,9,klagte,2.97,6,43.75,"Der_Richter klagte den_Mann an, weil er seit einiger Zeit unmöglich war und die_Unruhe verursachte.",Wer war unmöglich?,der Richter,der Mann,er,er,FJ
amb,7,9,neutral,congruent,sie,amb,"Die Richterin klagte die Frau an, weil sie seit einiger Zeit unmoralisch war und die Normen missachtete.",Wer war unmoralisch? (die Richterin / die Frau),accused,AgEvo,7,90,-2.0,2.0,unmoralisch,2.3,11,klagte,2.97,6,43.75,"Die_Richterin klagte die_Frau an, weil sie seit einiger Zeit unmoralisch war und die_Normen missachtete.",Wer war unmoralisch?,die Richterin,die Frau,sie,sie,FJ
amb,8,9,neutral,congruent,sie,amb,"Die Richterin klagte die Frau an, weil sie seit einiger Zeit unmöglich war und die Unruhe verursachte.",Wer war unmöglich? (die Richterin / die Frau),accused,AgEvo,7,90,-2.0,2.0,unmöglich,36.13,9,klagte,2.97,6,43.75,"Die_Richterin klagte die_Frau an, weil sie seit einiger Zeit unmöglich war und die_Unruhe verursachte.",Wer war unmöglich?,die Richterin,die Frau,sie,sie,FJ
nonamb,9,9,neutral,congruent,er,unamb,"Der Richter klagte die Frau an, weil er seit einiger Zeit unbestechlich war und die Normen beachtete.",Seit wann war er unbestechlich? (seit einiger Zeit / schon seit Monaten),accused,AgEvo,7,90,-2.0,2.0,unbestechlich,0.88,13,klagte,2.97,6,43.75,"Der_Richter klagte die_Frau an, weil er seit einiger Zeit unbestechlich war und die_Normen beachtete.",Seit wann war er unbestechlich?,seit einiger Zeit,schon seit Monaten,er,er,F
nonamb,10,9,neutral,congruent,sie,unamb,"Der Richter klagte die Frau an, weil sie seit einiger Zeit kriminell war und die Unruhe verursachte.",Seit wann war sie kriminell? (seit einiger Zeit / schon seit Monaten),accused,AgEvo,7,90,-2.0,2.0,kriminell,11.35,9,klagte,2.97,6,43.75,"Der_Richter klagte die_Frau an, weil sie seit einiger Zeit kriminell war und die_Unruhe verursachte.",Seit wann war sie kriminell?,seit einiger Zeit,schon seit Monaten,er,er,F
nonamb,11,9,neutral,congruent,sie,unamb,"Die Richterin klagte den Mann an, weil sie seit einiger Zeit unbestechlich war und die Normen beachtete.",Seit wann war sie unbestechlich? (seit einiger Zeit / schon seit Monaten),accused,AgEvo,7,90,-2.0,2.0,unbestechlich,0.88,13,klagte,2.97,6,43.75,"Die_Richterin klagte den_Mann an, weil sie seit einiger Zeit unbestechlich war und die_Normen beachtete.",Seit wann war sie unbestechlich?,seit einiger Zeit,schon seit Monaten,er,er,F
nonamb,12,9,neutral,congruent,er,unamb,"Die Richterin klagte den Mann an, weil er seit einiger Zeit kriminell war und die Unruhe verursachte.",Seit wann war er kriminell? (seit einiger Zeit / schon seit Monaten),accused,AgEvo,7,90,-2.0,2.0,kriminell,11.35,9,klagte,2.97,6,43.75,"Die_Richterin klagte den_Mann an, weil er seit einiger Zeit kriminell war und die_Unruhe verursachte.",Seit wann war er kriminell?,seit einiger Zeit,schon seit Monaten,er,er,F
nonamb,13,9,neutral,congruent,er,amb,"Der Richter klagte den Mann an, weil er seit einiger Zeit unbestechlich war und die Normen beachtete.",Wer war unbestechlich? (der Richter / der Mann),accused,AgEvo,7,90,-2.0,2.0,unbestechlich,0.88,13,klagte,2.97,6,43.75,"Der_Richter klagte den_Mann an, weil er seit einiger Zeit unbestechlich war und die_Normen beachtete.",Wer war unbestechlich?,der Richter,der Mann,er,er,FJ
nonamb,14,9,neutral,congruent,er,amb,"Der Richter klagte den Mann an, weil er seit einiger Zeit kriminell war und die Unruhe verursachte.",Wer war kriminell? (der Richter / der Mann),accused,AgEvo,7,90,-2.0,2.0,kriminell,11.35,9,klagte,2.97,6,43.75,"Der_Richter klagte den_Mann an, weil er seit einiger Zeit kriminell war und die_Unruhe verursachte.",Wer war kriminell?,der Richter,der Mann,er,er,FJ
nonamb,15,9,neutral,congruent,sie,amb,"Die Richterin klagte die Frau an, weil sie seit einiger Zeit unbestechlich war und die Normen beachtete.",Wer war unbestechlich? (die Richterin / die Frau),accused,AgEvo,7,90,-2.0,2.0,unbestechlich,0.88,13,klagte,2.97,6,43.75,"Die_Richterin klagte die_Frau an, weil sie seit einiger Zeit unbestechlich war und die_Normen beachtete.",Wer war unbestechlich?,die Richterin,die Frau,sie,sie,FJ
nonamb,16,9,neutral,congruent,sie,amb,"Die Richterin klagte die Frau an, weil sie seit einiger Zeit kriminell war und die Unruhe verursachte.",Wer war kriminell? (die Richterin / die Frau),accused,AgEvo,7,90,-2.0,2.0,kriminell,11.35,9,klagte,2.97,6,43.75,"Die_Richterin klagte die_Frau an, weil sie seit einiger Zeit kriminell war und die_Unruhe verursachte.",Wer war kriminell?,die Richterin,die Frau,sie,sie,FJ
amb,1,5,NP2,congruent,sie,unamb,"Der Liebhaber bewunderte die Komponistin, weil sie von Anfang an inspiriert war und die Melodie summte.",Seit wann war sie inspiriert? (von Anfang an / seit Langem),admired,ExpStim,7,74,2.0,-92.0,inspiriert,6.92,10,bewunderte,1.17,10,50.0,"Der_Liebhaber bewunderte die_Komponistin, weil sie von Anfang an inspiriert war und die_Melodie summte.",Seit wann war sie inspiriert?,von Anfang an,seit Langem,er,er,F
amb,2,5,NP2,incongruent,er,unamb,"Der Liebhaber bewunderte die Komponistin, weil er von Anfang an beflügelt war und die Harmonien entwickelte.",Seit wann war er beflügelt? (von Anfang an / seit Langem),admired,ExpStim,7,74,2.0,-92.0,beflügelt,1.66,9,bewunderte,1.17,10,50.0,"Der_Liebhaber bewunderte die_Komponistin, weil er von Anfang an beflügelt war und die_Harmonien entwickelte.",Seit wann war er beflügelt?,von Anfang an,seit Langem,er,er,F
amb,3,5,NP2,congruent,er,unamb,"Die Liebhaberin bewunderte den Komponisten, weil er von Anfang an inspiriert war und die Melodie summte.",Seit wann war er inspiriert? (von Anfang an / seit Langem),admired,ExpStim,7,74,2.0,-92.0,inspiriert,6.92,10,bewunderte,1.17,10,50.0,"Die_Liebhaberin bewunderte den_Komponisten, weil er von Anfang an inspiriert war und die_Melodie summte.",Seit wann war er inspiriert?,von Anfang an,seit Langem,er,er,F
amb,4,5,NP2,incongruent,sie,unamb,"Die Liebhaberin bewunderte den Komponisten, weil sie von Anfang an beflügelt war und die Harmonien entwickelte.",Seit wann war sie beflügelt? (von Anfang an / seit Langem),admired,ExpStim,7,74,2.0,-92.0,beflügelt,1.66,9,bewunderte,1.17,10,50.0,"Die_Liebhaberin bewunderte den_Komponisten, weil sie von Anfang an beflügelt war und die_Harmonien entwickelte.",Seit wann war sie beflügelt?,von Anfang an,seit Langem,er,er,F
amb,5,5,NP2,congruent,er,amb,"Der Liebhaber bewunderte den Komponisten, weil er von Anfang an inspiriert war und die Melodie summte.",Seit wann war er inspiriert? (von Anfang an / seit Langem),admired,ExpStim,7,74,2.0,-92.0,inspiriert,6.92,10,bewunderte,1.17,10,50.0,"Der_Liebhaber bewunderte den_Komponisten, weil er von Anfang an inspiriert war und die_Melodie summte.",Seit wann war er inspiriert?,von Anfang an,seit Langem,er,er,F
amb,6,5,NP2,incongruent,er,amb,"Der Liebhaber bewunderte den Komponisten, weil er von Anfang an beflügelt war und die Harmonien entwickelte.",Seit wann war er beflügelt? (von Anfang an / seit Langem),admired,ExpStim,7,74,2.0,-92.0,beflügelt,1.66,9,bewunderte,1.17,10,50.0,"Der_Liebhaber bewunderte den_Komponisten, weil er von Anfang an beflügelt war und die_Harmonien entwickelte.",Seit wann war er beflügelt?,von Anfang an,seit Langem,er,er,F
amb,7,5,NP2,congruent,sie,amb,"Die Liebhaberin bewunderte die Komponistin, weil sie von Anfang an inspiriert war und die Melodie summte.",Seit wann war sie inspiriert? (von Anfang an / seit Langem),admired,ExpStim,7,74,2.0,-92.0,inspiriert,6.92,10,bewunderte,1.17,10,50.0,"Die_Liebhaberin bewunderte die_Komponistin, weil sie von Anfang an inspiriert war und die_Melodie summte.",Seit wann war sie inspiriert?,von Anfang an,seit Langem,er,er,F
amb,8,5,NP2,incongruent,sie,amb,"Die Liebhaberin bewunderte die Komponistin, weil sie von Anfang an beflügelt war und die Harmonien entwickelte.",Seit wann war sie beflügelt? (von Anfang an / seit Langem),admired,ExpStim,7,74,2.0,-92.0,beflügelt,1.66,9,bewunderte,1.17,10,50.0,"Die_Liebhaberin bewunderte die_Komponistin, weil sie von Anfang an beflügelt war und die_Harmonien entwickelte.",Seit wann war sie beflügelt?,von Anfang an,seit Langem,er,er,F
nonamb,9,5,NP2,congruent,sie,unamb,"Der Liebhaber bewunderte die Komponistin, weil sie von Anfang an talentiert war und das Stück spielte.",Seit wann war sie talentiert? (von Anfang an / seit Langem),admired,ExpStim,7,74,2.0,-92.0,talentiert,2.73,10,bewunderte,1.17,10,50.0,"Der_Liebhaber bewunderte die_Komponistin, weil sie von Anfang an talentiert war und das_Stück spielte.",Seit wann war sie talentiert?,von Anfang an,seit Langem,er,er,F
nonamb,10,5,NP2,incongruent,er,unamb,"Der Liebhaber bewunderte die Komponistin, weil er von Anfang an überzeugt war und das Ziel verfolgte.",Seit wann war er überzeugt? (von Anfang an / seit Langem),admired,ExpStim,7,74,2.0,-92.0,überzeugt,41.42,9,bewunderte,1.17,10,50.0,"Der_Liebhaber bewunderte die_Komponistin, weil er von Anfang an überzeugt war und das_Ziel verfolgte.",Seit wann war er überzeugt?,von Anfang an,seit Langem,er,er,F
nonamb,11,5,NP2,congruent,er,unamb,"Die Liebhaberin bewunderte den Komponisten, weil er von Anfang an talentiert war und das Stück spielte.",Seit wann war er talentiert? (von Anfang an / seit Langem),admired,ExpStim,7,74,2.0,-92.0,talentiert,2.73,10,bewunderte,1.17,10,50.0,"Die_Liebhaberin bewunderte den_Komponisten, weil er von Anfang an talentiert war und das_Stück spielte.",Seit wann war er talentiert?,von Anfang an,seit Langem,er,er,F
nonamb,12,5,NP2,incongruent,sie,unamb,"Die Liebhaberin bewunderte den Komponisten, weil sie von Anfang an überzeugt war und das Ziel verfolgte.",Seit wann war sie überzeugt? (von Anfang an / seit Langem),admired,ExpStim,7,74,2.0,-92.0,überzeugt,41.42,9,bewunderte,1.17,10,50.0,"Die_Liebhaberin bewunderte den_Komponisten, weil sie von Anfang an überzeugt war und das_Ziel verfolgte.",Seit wann war sie überzeugt?,von Anfang an,seit Langem,er,er,F
nonamb,13,5,NP2,congruent,er,amb,"Der Liebhaber bewunderte den Komponisten, weil er von Anfang an talentiert war und das Stück spielte.",Seit wann war er talentiert? (von Anfang an / seit Langem),admired,ExpStim,7,74,2.0,-92.0,talentiert,2.73,10,bewunderte,1.17,10,50.0,"Der_Liebhaber bewunderte den_Komponisten, weil er von Anfang an talentiert war und das_Stück spielte.",Seit wann war er talentiert?,von Anfang an,seit Langem,er,er,F
nonamb,14,5,NP2,incongruent,er,amb,"Der Liebhaber bewunderte den Komponisten, weil er von Anfang an überzeugt war und das Ziel verfolgte.",Seit wann war er überzeugt? (von Anfang an / seit Langem),admired,ExpStim,7,74,2.0,-92.0,überzeugt,41.42,9,bewunderte,1.17,10,50.0,"Der_Liebhaber bewunderte den_Komponisten, weil er von Anfang an überzeugt war und das_Ziel verfolgte.",Seit wann war er überzeugt?,von Anfang an,seit Langem,er,er,F
nonamb,15,5,NP2,congruent,sie,amb,"Die Liebhaberin bewunderte die Komponistin, weil sie von Anfang an talentiert war und das Stück spielte.",Seit wann war sie talentiert? (von Anfang an / seit Langem),admired,ExpStim,7,74,2.0,-92.0,talentiert,2.73,10,bewunderte,1.17,10,50.0,"Die_Liebhaberin bewunderte die_Komponistin, weil sie von Anfang an talentiert war und das_Stück spielte.",Seit wann war sie talentiert?,von Anfang an,seit Langem,er,er,F
nonamb,16,5,NP2,incongruent,sie,amb,"Die Liebhaberin bewunderte die Komponistin, weil sie von Anfang an überzeugt war und das Ziel verfolgte.",Seit wann war sie überzeugt? (von Anfang an / seit Langem),admired,ExpStim,7,74,2.0,-92.0,überzeugt,41.42,9,bewunderte,1.17,10,50.0,"Die_Liebhaberin bewunderte die_Komponistin, weil sie von Anfang an überzeugt war und das_Ziel verfolgte.",Seit wann war sie überzeugt?,von Anfang an,seit Langem,er,er,F
amb,1,7,NP2,congruent,sie,unamb,"Der Schamane verehrte die Göttin, weil sie von Anfang an ideal war und das Handeln inspirierte.",Was tat der Schamane? (Der Schamane verehrte die Göttin. / Der Schamane spielte mit der Gegnerin.),adored,ExpStim,6,18,2.54,-74.0,ideal,45.97,5,verehrte,2.75,8,93.75,"Der_Schamane verehrte die_Göttin, weil sie von Anfang an ideal war und das_Handeln inspirierte.",Was tat der Schamane?,Der Schamane verehrte die Göttin.,Der Schamane spielte mit der Gegnerin.,sie,er,F
amb,2,7,NP2,incongruent,er,unamb,"Der Schamane verehrte die Göttin, weil er von Anfang an vollkommen war und die Ruhe austrahlte.",Was tat der Schamane? (Der Schamane verehrte die Göttin. / Der Schamane spielte mit der Gegnerin.),adored,ExpStim,6,18,2.54,-74.0,vollkommen,38.35,10,verehrte,2.75,8,93.75,"Der_Schamane verehrte die_Göttin, weil er von Anfang an vollkommen war und die_Ruhe austrahlte.",Was tat der Schamane?,Der Schamane verehrte die Göttin.,Der Schamane spielte mit der Gegnerin.,sie,er,F
amb,3,7,NP2,congruent,er,unamb,"Die Schamanin verehrte den Gott, weil er von Anfang an ideal war und das Handeln inspirierte.",Was tat die Schamanin? (Die Schamanin verehrte den Gott. / Die Schamanin spielte mit der Gegnerin.),adored,ExpStim,6,18,2.54,-74.0,ideal,45.97,5,verehrte,2.75,8,93.75,"Die_Schamanin verehrte den_Gott, weil er von Anfang an ideal war und das_Handeln inspirierte.",Was tat die Schamanin?,Die Schamanin verehrte den Gott.,Die Schamanin spielte mit der Gegnerin.,sie,sie,F
amb,4,7,NP2,incongruent,sie,unamb,"Die Schamanin verehrte den Gott, weil sie von Anfang an vollkommen war und die Ruhe austrahlte.",Was tat die Schamanin? (Die Schamanin verehrte den Gott. / Die Schamanin spielte mit der Gegnerin.),adored,ExpStim,6,18,2.54,-74.0,vollkommen,38.35,10,verehrte,2.75,8,93.75,"Die_Schamanin verehrte den_Gott, weil sie von Anfang an vollkommen war und die_Ruhe austrahlte.",Was tat die Schamanin?,Die Schamanin verehrte den Gott.,Die Schamanin spielte mit der Gegnerin.,sie,sie,F
amb,5,7,NP2,congruent,er,amb,"Der Schamane verehrte den Gott, weil er von Anfang an ideal war und das Handeln inspirierte.",Wen verehrte der Schamane? (den Gott / den Chef),adored,ExpStim,6,18,2.54,-74.0,ideal,45.97,5,verehrte,2.75,8,93.75,"Der_Schamane verehrte den_Gott, weil er von Anfang an ideal war und das_Handeln inspirierte.",Wen verehrte der Schamane?,den Gott,den Chef,er,er,F
amb,6,7,NP2,incongruent,er,amb,"Der Schamane verehrte den Gott, weil er von Anfang an vollkommen war und die Ruhe austrahlte.",Wen verehrte der Schamane? (den Gott / den Chef),adored,ExpStim,6,18,2.54,-74.0,vollkommen,38.35,10,verehrte,2.75,8,93.75,"Der_Schamane verehrte den_Gott, weil er von Anfang an vollkommen war und die_Ruhe austrahlte.",Wen verehrte der Schamane?,den Gott,den Chef,er,er,F
amb,7,7,NP2,congruent,sie,amb,"Die Schamanin verehrte die Göttin, weil sie von Anfang an ideal war und das Handeln inspirierte.",Wen verehrte die Schamanin? (die Göttin / die Schülerin),adored,ExpStim,6,18,2.54,-74.0,ideal,45.97,5,verehrte,2.75,8,93.75,"Die_Schamanin verehrte die_Göttin, weil sie von Anfang an ideal war und das_Handeln inspirierte.",Wen verehrte die Schamanin?,die Göttin,die Schülerin,sie,sie,F
amb,8,7,NP2,incongruent,sie,amb,"Die Schamanin verehrte die Göttin, weil sie von Anfang an vollkommen war und die Ruhe austrahlte.",Wen verehrte die Schamanin? (die Göttin / die Schülerin),adored,ExpStim,6,18,2.54,-74.0,vollkommen,38.35,10,verehrte,2.75,8,93.75,"Die_Schamanin verehrte die_Göttin, weil sie von Anfang an vollkommen war und die_Ruhe austrahlte.",Wen verehrte die Schamanin?,die Göttin,die Schülerin,sie,sie,F
nonamb,9,7,NP2,congruent,sie,unamb,"Der Schamane verehrte die Göttin, weil sie von Anfang an mächtig war und das Zeichen setzte.",Was tat der Schamane? (Der Schamane verehrte die Göttin. / Der Schamane spielte mit der Gegnerin.),adored,ExpStim,6,18,2.54,-74.0,mächtig,34.16,7,verehrte,2.75,8,93.75,"Der_Schamane verehrte die_Göttin, weil sie von Anfang an mächtig war und das_Zeichen setzte.",Was tat der Schamane?,Der Schamane verehrte die Göttin.,Der Schamane spielte mit der Gegnerin.,sie,er,F
nonamb,10,7,NP2,incongruent,er,unamb,"Der Schamane verehrte die Göttin, weil er von Anfang an schwach war und die Müdigkeit zeigte.",Was tat der Schamane? (Der Schamane verehrte die Göttin. / Der Schamane spielte mit der Gegnerin.),adored,ExpStim,6,18,2.54,-74.0,schwach,51.17,7,verehrte,2.75,8,93.75,"Der_Schamane verehrte die_Göttin, weil er von Anfang an schwach war und die_Müdigkeit zeigte.",Was tat der Schamane?,Der Schamane verehrte die Göttin.,Der Schamane spielte mit der Gegnerin.,sie,er,F
nonamb,11,7,NP2,congruent,er,unamb,"Die Schamanin verehrte den Gott, weil er von Anfang an mächtig war und das Zeichen setzte.",Was tat die Schamanin? (Die Schamanin verehrte den Gott. / Die Schamanin spielte mit der Gegnerin.),adored,ExpStim,6,18,2.54,-74.0,mächtig,34.16,7,verehrte,2.75,8,93.75,"Die_Schamanin verehrte den_Gott, weil er von Anfang an mächtig war und das_Zeichen setzte.",Was tat die Schamanin?,Die Schamanin verehrte den Gott.,Die Schamanin spielte mit der Gegnerin.,sie,sie,F
nonamb,12,7,NP2,incongruent,sie,unamb,"Die Schamanin verehrte den Gott, weil sie von Anfang an schwach war und die Müdigkeit zeigte.",Was tat die Schamanin? (Die Schamanin verehrte den Gott. / Die Schamanin spielte mit der Gegnerin.),adored,ExpStim,6,18,2.54,-74.0,schwach,51.17,7,verehrte,2.75,8,93.75,"Die_Schamanin verehrte den_Gott, weil sie von Anfang an schwach war und die_Müdigkeit zeigte.",Was tat die Schamanin?,Die Schamanin verehrte den Gott.,Die Schamanin spielte mit der Gegnerin.,sie,sie,F
nonamb,13,7,NP2,congruent,er,amb,"Der Schamane verehrte den Gott, weil er von Anfang an mächtig war und das Zeichen setzte.",Wen verehrte der Schamane? (den Gott / den Chef),adored,ExpStim,6,18,2.54,-74.0,mächtig,34.16,7,verehrte,2.75,8,93.75,"Der_Schamane verehrte den_Gott, weil er von Anfang an mächtig war und das_Zeichen setzte.",Wen verehrte der Schamane?,den Gott,den Chef,er,er,F
nonamb,14,7,NP2,incongruent,er,amb,"Der Schamane verehrte den Gott, weil er von Anfang an schwach war und die Müdigkeit zeigte.",Wen verehrte der Schamane? (den Gott / den Chef),adored,ExpStim,6,18,2.54,-74.0,schwach,51.17,7,verehrte,2.75,8,93.75,"Der_Schamane verehrte den_Gott, weil er von Anfang an schwach war und die_Müdigkeit zeigte.",Wen verehrte der Schamane?,den Gott,den Chef,er,er,F
nonamb,15,7,NP2,congruent,sie,amb,"Die Schamanin verehrte die Göttin, weil sie von Anfang an mächtig war und das Zeichen setzte.",Wen verehrte die Schamanin? (die Göttin / die Schülerin),adored,ExpStim,6,18,2.54,-74.0,mächtig,34.16,7,verehrte,2.75,8,93.75,"Die_Schamanin verehrte die_Göttin, weil sie von Anfang an mächtig war und das_Zeichen setzte.",Wen verehrte die Schamanin?,die Göttin,die Schülerin,sie,sie,F
nonamb,16,7,NP2,incongruent,sie,amb,"Die Schamanin verehrte die Göttin, weil sie von Anfang an schwach war und die Müdigkeit zeigte.",Wen verehrte die Schamanin? (die Göttin / die Schülerin),adored,ExpStim,6,18,2.54,-74.0,schwach,51.17,7,verehrte,2.75,8,93.75,"Die_Schamanin verehrte die_Göttin, weil sie von Anfang an schwach war und die_Müdigkeit zeigte.",Wen verehrte die Schamanin?,die Göttin,die Schülerin,sie,sie,F
amb,1,11,neutral,congruent,er,unamb,"Der Verkäufer beleidigte die Kundin, weil er am frühen Abend unverschämt war und das Tabu verletzte.",Was tat der Verkäufer? (Der Verkäufer beleidigte die Kundin. / Der Verkäufer tadelte die Zofe.),affronted,StimExp,9,30,-1.0,12.0,unverschämt,3.39,11,beleidigte,0.73,10,75.0,"Der_Verkäufer beleidigte die_Kundin, weil er am frühen Abend unverschämt war und das_Tabu verletzte.",Was tat der Verkäufer?,Der Verkäufer beleidigte die Kundin.,Der Verkäufer tadelte die Zofe.,sie,sie,F
amb,2,11,neutral,congruent,sie,unamb,"Der Verkäufer beleidigte die Kundin, weil sie am frühen Abend unhöflich war und die Grenze überschritt.",Was tat der Verkäufer? (Der Verkäufer beleidigte die Kundin. / Der Verkäufer tadelte die Zofe.),affronted,StimExp,9,30,-1.0,12.0,unhöflich,1.12,9,beleidigte,0.73,10,75.0,"Der_Verkäufer beleidigte die_Kundin, weil sie am frühen Abend unhöflich war und die_Grenze überschritt.",Was tat der Verkäufer?,Der Verkäufer beleidigte die Kundin.,Der Verkäufer tadelte die Zofe.,sie,sie,F
amb,3,11,neutral,congruent,sie,unamb,"Die Verkäuferin beleidigte den Kunden, weil sie am frühen Abend unverschämt war und das Tabu verletzte.",Was tat die Verkäuferin? (Die Verkäuferin beleidigte den Kunden. / Die Verkäuferin tadelte die Zofe.),affronted,StimExp,9,30,-1.0,12.0,unverschämt,3.39,11,beleidigte,0.73,10,75.0,"Die_Verkäuferin beleidigte den_Kunden, weil sie am frühen Abend unverschämt war und das_Tabu verletzte.",Was tat die Verkäuferin?,Die Verkäuferin beleidigte den Kunden.,Die Verkäuferin tadelte die Zofe.,sie,sie,F
amb,4,11,neutral,congruent,er,unamb,"Die Verkäuferin beleidigte den Kunden, weil er am frühen Abend unhöflich war und die Grenze überschritt.",Was tat die Verkäuferin? (Die Verkäuferin beleidigte den Kunden. / Die Verkäuferin tadelte die Zofe.),affronted,StimExp,9,30,-1.0,12.0,unhöflich,1.12,9,beleidigte,0.73,10,75.0,"Die_Verkäuferin beleidigte den_Kunden, weil er am frühen Abend unhöflich war und die_Grenze überschritt.",Was tat die Verkäuferin?,Die Verkäuferin beleidigte den Kunden.,Die Verkäuferin tadelte die Zofe.,sie,sie,F
amb,5,11,neutral,congruent,er,amb,"Der Verkäufer beleidigte den Kunden, weil er am frühen Abend unverschämt war und das Tabu verletzte.",Wann war er unverschämt? (am frühen Abend / in der Dämmerung),affronted,StimExp,9,30,-1.0,12.0,unverschämt,3.39,11,beleidigte,0.73,10,75.0,"Der_Verkäufer beleidigte den_Kunden, weil er am frühen Abend unverschämt war und das_Tabu verletzte.",Wann war er unverschämt?,am frühen Abend,in der Dämmerung,er,er,F
amb,6,11,neutral,congruent,er,amb,"Der Verkäufer beleidigte den Kunden, weil er am frühen Abend unhöflich war und die Grenze überschritt.",Wann war er unhöflich? (am frühen Abend / in der Dämmerung),affronted,StimExp,9,30,-1.0,12.0,unhöflich,1.12,9,beleidigte,0.73,10,75.0,"Der_Verkäufer beleidigte den_Kunden, weil er am frühen Abend unhöflich war und die_Grenze überschritt.",Wann war er unhöflich?,am frühen Abend,in der Dämmerung,er,er,F
amb,7,11,neutral,congruent,sie,amb,"Die Verkäuferin beleidigte die Kundin, weil sie am frühen Abend unverschämt war und das Tabu verletzte.",Wann war sie unverschämt? (am frühen Abend / in der Dämmerung),affronted,StimExp,9,30,-1.0,12.0,unverschämt,3.39,11,beleidigte,0.73,10,75.0,"Die_Verkäuferin beleidigte die_Kundin, weil sie am frühen Abend unverschämt war und das_Tabu verletzte.",Wann war sie unverschämt?,am frühen Abend,in der Dämmerung,er,er,F
amb,8,11,neutral,congruent,sie,amb,"Die Verkäuferin beleidigte die Kundin, weil sie am frühen Abend unhöflich war und die Grenze überschritt.",Wann war sie unhöflich? (am frühen Abend / in der Dämmerung),affronted,StimExp,9,30,-1.0,12.0,unhöflich,1.12,9,beleidigte,0.73,10,75.0,"Die_Verkäuferin beleidigte die_Kundin, weil sie am frühen Abend unhöflich war und die_Grenze überschritt.",Wann war sie unhöflich?,am frühen Abend,in der Dämmerung,er,er,F
nonamb,9,11,neutral,congruent,er,unamb,"Der Verkäufer beleidigte die Kundin, weil er am frühen Abend empört war und das Kopfschütteln zeigte.",Was tat der Verkäufer? (Der Verkäufer beleidigte die Kundin. / Der Verkäufer tadelte die Zofe.),affronted,StimExp,9,30,-1.0,12.0,empört,5.68,6,beleidigte,0.73,10,75.0,"Der_Verkäufer beleidigte die_Kundin, weil er am frühen Abend empört war und das_Kopfschütteln zeigte.",Was tat der Verkäufer?,Der Verkäufer beleidigte die Kundin.,Der Verkäufer tadelte die Zofe.,sie,sie,F
nonamb,10,11,neutral,congruent,sie,unamb,"Der Verkäufer beleidigte die Kundin, weil sie am frühen Abend penetrant war und das Drängen zeigte.",Was tat der Verkäufer? (Der Verkäufer beleidigte die Kundin. / Der Verkäufer tadelte die Zofe.),affronted,StimExp,9,30,-1.0,12.0,penetrant,1.56,9,beleidigte,0.73,10,75.0,"Der_Verkäufer beleidigte die_Kundin, weil sie am frühen Abend penetrant war und das_Drängen zeigte.",Was tat der Verkäufer?,Der Verkäufer beleidigte die Kundin.,Der Verkäufer tadelte die Zofe.,sie,sie,F
nonamb,11,11,neutral,congruent,sie,unamb,"Die Verkäuferin beleidigte den Kunden, weil sie am frühen Abend empört war und das Kopfschütteln zeigte.",Was tat die Verkäuferin? (Die Verkäuferin beleidigte den Kunden. / Die Verkäuferin tadelte die Zofe.),affronted,StimExp,9,30,-1.0,12.0,empört,5.68,6,beleidigte,0.73,10,75.0,"Die_Verkäuferin beleidigte den_Kunden, weil sie am frühen Abend empört war und das_Kopfschütteln zeigte.",Was tat die Verkäuferin?,Die Verkäuferin beleidigte den Kunden.,Die Verkäuferin tadelte die Zofe.,sie,sie,F
nonamb,12,11,neutral,congruent,er,unamb,"Die Verkäuferin beleidigte den Kunden,  weil er am frühen Abend penetrant war und das Drängen zeigte.",Was tat die Verkäuferin? (Die Verkäuferin beleidigte den Kunden. / Die Verkäuferin tadelte die Zofe.),affronted,StimExp,9,30,-1.0,12.0,penetrant,1.56,9,beleidigte,0.73,10,75.0,"Die_Verkäuferin beleidigte den_Kunden, weil er am frühen Abend penetrant war und das_Drängen zeigte.",Was tat die Verkäuferin?,Die Verkäuferin beleidigte den Kunden.,Die Verkäuferin tadelte die Zofe.,sie,sie,F
nonamb,13,11,neutral,congruent,er,amb,"Der Verkäufer beleidigte den Kunden, weil er am frühen Abend empört war und das Kopfschütteln zeigte.",Wann war er empört? (am frühen Abend / in der Dämmerung),affronted,StimExp,9,30,-1.0,12.0,empört,5.68,6,beleidigte,0.73,10,75.0,"Der_Verkäufer beleidigte den_Kunden, weil er am frühen Abend empört war und das_Kopfschütteln zeigte.",Wann war er empört?,am frühen Abend,in der Dämmerung,er,er,F
nonamb,14,11,neutral,congruent,er,amb,"Der Verkäufer beleidigte den Kunden, weil er am frühen Abend penetrant war und das Drängen zeigte.",Wann war er penetrant? (am frühen Abend / in der Dämmerung),affronted,StimExp,9,30,-1.0,12.0,penetrant,1.56,9,beleidigte,0.73,10,75.0,"Der_Verkäufer beleidigte den_Kunden, weil er am frühen Abend penetrant war und das_Drängen zeigte.",Wann war er penetrant?,am frühen Abend,in der Dämmerung,er,er,F
nonamb,15,11,neutral,congruent,sie,amb,"Die Verkäuferin beleidigte die Kundin, weil sie am frühen Abend empört war und das Kopfschütteln zeigte.",Wann war sie empört? (am frühen Abend / in der Dämmerung),affronted,StimExp,9,30,-1.0,12.0,empört,5.68,6,beleidigte,0.73,10,75.0,"Die_Verkäuferin beleidigte die_Kundin, weil sie am frühen Abend empört war und das_Kopfschütteln zeigte.",Wann war sie empört?,am frühen Abend,in der Dämmerung,er,er,F
nonamb,16,11,neutral,congruent,sie,amb,"Die Verkäuferin beleidigte die Kundin, weil sie am frühen Abend penetrant war und das Drängen zeigte.",Wann war sie penetrant? (am frühen Abend / in der Dämmerung),affronted,StimExp,9,30,-1.0,12.0,penetrant,1.56,9,beleidigte,0.73,10,75.0,"Die_Verkäuferin beleidigte die_Kundin, weil sie am frühen Abend penetrant war und das_Drängen zeigte.",Wann war sie penetrant?,am frühen Abend,in der Dämmerung,er,er,F
amb,1,1,NP1,congruent,er,unamb,"Der Schüler regte die Lehrerin auf, weil er am frühen Morgen mürrisch war und die Unruhe zeigte.",Wen regte der Schüler auf? (die Lehrerin / die Diebin),agitated,StimExp,8,25,-1.36,85.0,mürrisch,1.19,8,aufregte,0.11,8,68.75,"Der_Schüler regte die_Lehrerin auf, weil er am frühen Morgen mürrisch war und die_Unruhe zeigte.",Wen regte der Schüler auf?,die Lehrerin,die Diebin,sie,sie,F
amb,2,1,NP1,incongruent,sie,unamb,"Der Schüler regte die Lehrerin auf, weil sie am frühen Morgen nachtragend war und die Kleinigkeit übelnahm.",Wen regte der Schüler auf? (die Lehrerin / die Diebin),agitated,StimExp,8,25,-1.36,85.0,nachtragend,0.4,11,aufregte,0.11,8,68.75,"Der_Schüler regte die_Lehrerin auf, weil sie am frühen Morgen nachtragend war und die_Kleinigkeit übelnahm.",Wen regte der Schüler auf?,die Lehrerin,die Diebin,sie,sie,F
amb,3,1,NP1,congruent,sie,unamb,"Die Schülerin regte den Lehrer auf, weil sie am frühen Morgen mürrisch war und die Unruhe zeigte.",Wen regte die Schülerin auf? (den Lehrer / den Anführer),agitated,StimExp,8,25,-1.36,85.0,mürrisch,1.19,8,aufregte,0.11,8,68.75,"Die_Schülerin regte den_Lehrer auf, weil sie am frühen Morgen mürrisch war und die_Unruhe zeigte.",Wen regte die Schülerin auf?,den Lehrer,den Anführer,er,er,F
amb,4,1,NP1,incongruent,er,unamb,"Die Schülerin regte den Lehrer auf, weil er am frühen Morgen nachtragend war und die Kleinigkeit übelnahm.",Wen regte die Schülerin auf? (den Lehrer / den Anführer),agitated,StimExp,8,25,-1.36,85.0,nachtragend,0.4,11,aufregte,0.11,8,68.75,"Die_Schülerin regte den_Lehrer auf, weil er am frühen Morgen nachtragend war und die_Kleinigkeit übelnahm.",Wen regte die Schülerin auf?,den Lehrer,den Anführer,er,er,F
amb,5,1,NP1,congruent,er,amb,"Der Schüler regte den Lehrer auf, weil er am frühen Morgen mürrisch war und die Unruhe zeigte.",Was tat der Schüler? (Der Schüler regte den Lehrer auf. / Der Schüler verabscheute den Feind.),agitated,StimExp,8,25,-1.36,85.0,mürrisch,1.19,8,aufregte,0.11,8,68.75,"Der_Schüler regte den_Lehrer auf, weil er am frühen Morgen mürrisch war und die_Unruhe zeigte.",Was tat der Schüler?,Der Schüler regte den Lehrer auf.,Der Schüler verabscheute den Feind.,er,er,F
amb,6,1,NP1,incongruent,er,amb,"Der Schüler regte den Lehrer auf, weil er am frühen Morgen nachtragend war und die Kleinigkeit übelnahm.",Was tat der Schüler? (Der Schüler regte den Lehrer auf. / Der Schüler verabscheute den Feind.),agitated,StimExp,8,25,-1.36,85.0,nachtragend,0.4,11,aufregte,0.11,8,68.75,"Der_Schüler regte den_Lehrer auf, weil er am frühen Morgen nachtragend war und die_Kleinigkeit übelnahm.",Was tat der Schüler?,Der Schüler regte den Lehrer auf.,Der Schüler verabscheute den Feind.,er,er,F
amb,7,1,NP1,congruent,sie,amb,"Die Schülerin regte die Lehrerin auf, weil sie am frühen Morgen mürrisch war und die Unruhe zeigte.",Was tat die Schülerin? (Die Schülerin regte die Lehrerin auf. / Die Schülerin verabscheute den Feind.),agitated,StimExp,8,25,-1.36,85.0,mürrisch,1.19,8,aufregte,0.11,8,68.75,"Die_Schülerin regte die_Lehrerin auf, weil sie am frühen Morgen mürrisch war und die_Unruhe zeigte.",Was tat die Schülerin?,Die Schülerin regte die Lehrerin auf.,Die Schülerin verabscheute den Feind.,sie,sie,F
amb,8,1,NP1,incongruent,sie,amb,"Die Schülerin regte die Lehrerin auf, weil sie am frühen Morgen nachtragend war und die Kleinigkeit übelnahm.",Was tat die Schülerin? (Die Schülerin regte die Lehrerin auf. / Die Schülerin verabscheute den Feind.),agitated,StimExp,8,25,-1.36,85.0,nachtragend,0.4,11,aufregte,0.11,8,68.75,"Die_Schülerin regte die_Lehrerin auf, weil sie am frühen Morgen nachtragend war und die_Kleinigkeit übelnahm.",Was tat die Schülerin?,Die Schülerin regte die Lehrerin auf.,Die Schülerin verabscheute den Feind.,sie,sie,F
nonamb,9,1,NP1,congruent,er,unamb,"Der Schüler regte die Lehrerin auf, weil er am frühen Morgen unüberhörbar war und das Geräusch erzeugte.",Wen regte der Schüler auf? (die Lehrerin / die Diebin),agitated,StimExp,8,25,-1.36,85.0,unüberhörbar,0.94,12,aufregte,0.11,8,68.75,"Der_Schüler regte die_Lehrerin auf, weil er am frühen Morgen unüberhörbar war und das_Geräusch erzeugte.",Wen regte der Schüler auf?,die Lehrerin,die Diebin,sie,sie,F
nonamb,10,1,NP1,incongruent,sie,unamb,"Der Schüler regte die Lehrerin auf, weil sie am frühen Morgen gereizt war und die Ungeduld zeigte.",Wen regte der Schüler auf? (die Lehrerin / die Diebin),agitated,StimExp,8,25,-1.36,85.0,gereizt,3.14,7,aufregte,0.11,8,68.75,"Der_Schüler regte die_Lehrerin auf, weil sie am frühen Morgen gereizt war und die_Ungeduld zeigte.",Wen regte der Schüler auf?,die Lehrerin,die Diebin,sie,sie,F
nonamb,11,1,NP1,congruent,sie,unamb,"Die Schülerin regte den Lehrer auf, weil sie am frühen Morgen unüberhörbar war und das Geräusch erzeugte.",Wen regte die Schülerin auf? (den Lehrer / den Anführer),agitated,StimExp,8,25,-1.36,85.0,unüberhörbar,0.94,12,aufregte,0.11,8,68.75,"Die_Schülerin regte den_Lehrer auf, weil sie am frühen Morgen unüberhörbar war und das_Geräusch erzeugte.",Wen regte die Schülerin auf?,den Lehrer,den Anführer,er,er,F
nonamb,12,1,NP1,incongruent,er,unamb,"Die Schülerin regte den Lehrer auf, weil er am frühen Morgen gereizt war und die Ungeduld zeigte.",Wen regte die Schülerin auf? (den Lehrer / den Anführer),agitated,StimExp,8,25,-1.36,85.0,gereizt,3.14,7,aufregte,0.11,8,68.75,"Die_Schülerin regte den_Lehrer auf, weil er am frühen Morgen gereizt war und die_Ungeduld zeigte.",Wen regte die Schülerin auf?,den Lehrer,den Anführer,er,er,F
nonamb,13,1,NP1,congruent,er,amb,"Der Schüler regte den Lehrer auf, weil er am frühen Morgen unüberhörbar war und das Geräusch erzeugte.",Was tat der Schüler? (Der Schüler regte den Lehrer auf. / Der Schüler verabscheute den Feind.),agitated,StimExp,8,25,-1.36,85.0,unüberhörbar,0.94,12,aufregte,0.11,8,68.75,"Der_Schüler regte den_Lehrer auf, weil er am frühen Morgen unüberhörbar war und das_Geräusch erzeugte.",Was tat der Schüler?,Der Schüler regte den Lehrer auf.,Der Schüler verabscheute den Feind.,er,er,F
nonamb,14,1,NP1,incongruent,er,amb,"Der Schüler regte den Lehrer auf, weil er am frühen Morgen gereizt war und die Ungeduld zeigte.",Was tat der Schüler? (Der Schüler regte den Lehrer auf. / Der Schüler verabscheute den Feind.),agitated,StimExp,8,25,-1.36,85.0,gereizt,3.14,7,aufregte,0.11,8,68.75,"Der_Schüler regte den_Lehrer auf, weil er am frühen Morgen gereizt war und die_Ungeduld zeigte.",Was tat der Schüler?,Der Schüler regte den Lehrer auf.,Der Schüler verabscheute den Feind.,er,er,F
nonamb,15,1,NP1,congruent,sie,amb,"Die Schülerin regte die Lehrerin auf, weil sie am frühen Morgen unüberhörbar war und das Geräusch erzeugte.",Was tat die Schülerin? (Die Schülerin regte die Lehrerin auf. / Die Schülerin verabscheute den Feind.),agitated,StimExp,8,25,-1.36,85.0,unüberhörbar,0.94,12,aufregte,0.11,8,68.75,"Die_Schülerin regte die_Lehrerin auf, weil sie am frühen Morgen unüberhörbar war und das_Geräusch erzeugte.",Was tat die Schülerin?,Die Schülerin regte die Lehrerin auf.,Die Schülerin verabscheute den Feind.,sie,sie,F
nonamb,16,1,NP1,incongruent,sie,amb,"Die Schülerin regte die Lehrerin auf,  weil sie am frühen Morgen gereizt war und die Ungeduld zeigte.",Was tat die Schülerin? (Die Schülerin regte die Lehrerin auf. / Die Schülerin verabscheute den Feind.),agitated,StimExp,8,25,-1.36,85.0,gereizt,3.14,7,aufregte,0.11,8,68.75,"Die_Schülerin regte die_Lehrerin auf, weil sie am frühen Morgen gereizt war und die_Ungeduld zeigte.",Was tat die Schülerin?,Die Schülerin regte die Lehrerin auf.,Die Schülerin verabscheute den Feind.,sie,sie,F
amb,1,3,NP1,congruent,er,unamb,"Der Schäferhund ärgerte die Besitzerin, weil er um die Mittagszeit müde war und die Pause brauchte.",Wen ärgerte der Schäferhund? (die Besitzerin / die Schülerin),angered,StimExp,7,11,-2.46,85.0,müde,17.52,4,ärgerte,1.41,7,56.25,"Der_Schäferhund ärgerte die_Besitzerin, weil er um die_Mittagszeit müde war und die_Pause brauchte.",Wen ärgerte der Schäferhund?,die Besitzerin,die Schülerin,sie,sie,F
amb,2,3,NP1,incongruent,sie,unamb,"Der Schäferhund ärgerte die Besitzerin, weil sie um die Mittagszeit schreckhaft war und das Geräusch hörte.",Wen ärgerte der Schäferhund? (die Besitzerin / die Schülerin),angered,StimExp,7,11,-2.46,85.0,schreckhaft,0.32,11,ärgerte,1.41,7,56.25,"Der_Schäferhund ärgerte die_Besitzerin, weil sie um die_Mittagszeit schreckhaft war und das_Geräusch hörte.",Wen ärgerte der Schäferhund?,die Besitzerin,die Schülerin,sie,sie,F
amb,3,3,NP1,congruent,sie,unamb,"Die Schäferhündin ärgerte den Besitzer, weil sie um die Mittagszeit müde war und die Pause brauchte.",Wen ärgerte die Schäferhündin? (den Besitzer / den Referenten),angered,StimExp,7,11,-2.46,85.0,müde,17.52,4,ärgerte,1.41,7,56.25,"Die_Schäferhündin ärgerte den_Besitzer, weil sie um die_Mittagszeit müde war und die_Pause brauchte.",Wen ärgerte die Schäferhündin?,den Besitzer,den Referenten,er,er,F
amb,4,3,NP1,incongruent,er,unamb,"Die Schäferhündin ärgerte den Besitzer, weil er um die Mittagszeit schreckhaft war und das Geräusch hörte.",Wen ärgerte die Schäferhündin? (den Besitzer / den Referenten),angered,StimExp,7,11,-2.46,85.0,schreckhaft,0.32,11,ärgerte,1.41,7,56.25,"Die_Schäferhündin ärgerte den_Besitzer, weil er um die_Mittagszeit schreckhaft war und das_Geräusch hörte.",Wen ärgerte die Schäferhündin?,den Besitzer,den Referenten,er,er,F
amb,5,3,NP1,congruent,er,amb,"Der Schäferhund ärgerte den Besitzer, weil er um die Mittagszeit müde war und die Pause brauchte.",Was brauchte er? (die Pause / die Regeln),angered,StimExp,7,11,-2.46,85.0,müde,17.52,4,ärgerte,1.41,7,56.25,"Der_Schäferhund ärgerte den_Besitzer, weil er um die_Mittagszeit müde war und die_Pause brauchte.",Was brauchte er?,die Pause,die Regeln,sie,sie,F
amb,6,3,NP1,incongruent,er,amb,"Der Schäferhund ärgerte den Besitzer, weil er um die Mittagszeit schreckhaft war und das Geräusch hörte.",Was hörte er? (das Geräusch / die Regeln),angered,StimExp,7,11,-2.46,85.0,schreckhaft,0.32,11,ärgerte,1.41,7,56.25,"Der_Schäferhund ärgerte den_Besitzer, weil er um die_Mittagszeit schreckhaft war und das_Geräusch hörte.",Was hörte er?,das Geräusch,die Regeln,er,sie,F
amb,7,3,NP1,congruent,sie,amb,"Die Schäferhündin ärgerte die Besitzerin, weil sie um die Mittagszeit müde war und die Pause brauchte.",Was brauchte sie? (die Pause / die Regeln),angered,StimExp,7,11,-2.46,85.0,müde,17.52,4,ärgerte,1.41,7,56.25,"Die_Schäferhündin ärgerte die_Besitzerin, weil sie um die_Mittagszeit müde war und die_Pause brauchte.",Was brauchte sie?,die Pause,die Regeln,sie,sie,F
amb,8,3,NP1,incongruent,sie,amb,"Die Schäferhündin ärgerte die Besitzerin, weil sie um die Mittagszeit schreckhaft war und das Geräusch hörte.",Was hörte sie? (das Geräusch / die Regeln),angered,StimExp,7,11,-2.46,85.0,schreckhaft,0.32,11,ärgerte,1.41,7,56.25,"Die_Schäferhündin ärgerte die_Besitzerin, weil sie um die_Mittagszeit schreckhaft war und das_Geräusch hörte.",Was hörte sie?,das Geräusch,die Regeln,er,sie,F
nonamb,9,3,NP1,congruent,er,unamb,"Der Schäferhund ärgerte die Besitzerin, weil er um die Mittagszeit unüberhörbar war und das Scharren erzeugte.",Wen ärgerte der Schäferhund? (die Besitzerin / die Schülerin),angered,StimExp,7,11,-2.46,85.0,unüberhörbar,0.94,12,ärgerte,1.41,7,56.25,"Der_Schäferhund ärgerte die_Besitzerin, weil er um die_Mittagszeit unüberhörbar war und das_Scharren erzeugte.",Wen ärgerte der Schäferhund?,die Besitzerin,die Schülerin,sie,sie,F
nonamb,10,3,NP1,congruent,er,unamb,"Der Schäferhund ärgerte die Besitzerin, weil sie um die Mittagszeit überdrüssig war und das Seufzen ausstieß.",Wen ärgerte der Schäferhund? (die Besitzerin / die Schülerin),angered,StimExp,7,11,-2.46,85.0,überdrüssig,0.92,11,ärgerte,1.41,7,56.25,"Der_Schäferhund ärgerte die_Besitzerin, weil sie um die_Mittagszeit überdrüssig war und das_Seufzen ausstieß.",Wen ärgerte der Schäferhund?,die Besitzerin,die Schülerin,sie,sie,F
nonamb,11,3,NP1,incongruent,sie,unamb,"Die Schäferhündin ärgerte den Besitzer, weil sie um die Mittagszeit unüberhörbar war und das Scharren erzeugte.",Wen ärgerte die Schäferhündin? (den Besitzer / den Referenten),angered,StimExp,7,11,-2.46,85.0,unüberhörbar,0.94,12,ärgerte,1.41,7,56.25,"Die_Schäferhündin ärgerte den_Besitzer, weil sie um die_Mittagszeit unüberhörbar war und das_Scharren erzeugte.",Wen ärgerte die Schäferhündin?,den Besitzer,den Referenten,er,er,F
nonamb,12,3,NP1,congruent,sie,unamb,"Die Schäferhündin ärgerte den Besitzer, weil er um die Mittagszeit überdrüssig war und das Seufzen ausstieß.",Wen ärgerte die Schäferhündin? (den Besitzer / den Referenten),angered,StimExp,7,11,-2.46,85.0,überdrüssig,0.92,11,ärgerte,1.41,7,56.25,"Die_Schäferhündin ärgerte den_Besitzer, weil er um die_Mittagszeit überdrüssig war und das_Seufzen ausstieß.",Wen ärgerte die Schäferhündin?,den Besitzer,den Referenten,er,er,F
nonamb,13,3,NP1,incongruent,er,amb,"Der Schäferhund ärgerte den Besitzer, weil er um die Mittagszeit unüberhörbar war und das Scharren erzeugte.",Was erzeugte er? (das Scharren / die Regeln),angered,StimExp,7,11,-2.46,85.0,unüberhörbar,0.94,12,ärgerte,1.41,7,56.25,"Der_Schäferhund ärgerte den_Besitzer, weil er um die_Mittagszeit unüberhörbar war und das_Scharren erzeugte.",Was erzeugte er?,das Scharren,die Regeln,er,sie,F
nonamb,14,3,NP1,congruent,er,amb,"Der Schäferhund ärgerte den Besitzer, weil er um die Mittagszeit überdrüssig war und das Seufzen ausstieß.",Was ausstieß er? (das Seufzen / die Regeln),angered,StimExp,7,11,-2.46,85.0,überdrüssig,0.92,11,ärgerte,1.41,7,56.25,"Der_Schäferhund ärgerte den_Besitzer, weil er um die_Mittagszeit überdrüssig war und das_Seufzen ausstieß.",Was ausstieß er?,das Seufzen,die Regeln,er,sie,F
nonamb,15,3,NP1,incongruent,er,amb,"Die Schäferhündin ärgerte die Besitzerin, weil sie um die Mittagszeit unüberhörbar war und das Scharren erzeugte.",Was erzeugte sie? (das Scharren / die Regeln),angered,StimExp,7,11,-2.46,85.0,unüberhörbar,0.94,12,ärgerte,1.41,7,56.25,"Die_Schäferhündin ärgerte die_Besitzerin, weil sie um die_Mittagszeit unüberhörbar war und das_Scharren erzeugte.",Was erzeugte sie?,das Scharren,die Regeln,er,sie,F
nonamb,16,3,NP1,congruent,sie,amb,"Die Schäferhündin ärgerte die Besitzerin, weil sie um die Mittagszeit überdrüssig war und das Seufzen ausstieß.",Was ausstieß sie? (das Seufzen / die Regeln),angered,StimExp,7,11,-2.46,85.0,überdrüssig,0.92,11,ärgerte,1.41,7,56.25,"Die_Schäferhündin ärgerte die_Besitzerin, weil sie um die_Mittagszeit überdrüssig war und das_Seufzen ausstieß.",Was ausstieß sie?,das Seufzen,die Regeln,er,sie,F
amb,1,2,NP1,incongruent,sie,unamb,"Der Bär störte die Löwin, weil er am späten Nachmittag hungrig war und das Versteck suchte.",Was suchte er? (das Versteck / die Ruhe),annoyed,StimExp,7,268,-2.0,79.0,hungrig,4.51,7,störte,2.33,6,87.5,"Der_Bär störte die_Löwin, weil er am späten Nachmittag hungrig war und das_Versteck suchte.",Was suchte er?,das Versteck,die Ruhe,er,sie,F
amb,2,2,NP1,incongruent,sie,unamb,"Der Bär störte die Löwin, weil sie am späten Nachmittag nahe war und die Bewegung wahrnahm.",Was wahrnahm sie? (die Bewegung / die Ruhe),annoyed,StimExp,7,268,-2.0,79.0,in der Nähe,33.31,9,störte,2.33,6,87.5,"Der_Bär störte die_Löwin, weil sie am späten Nachmittag nahe war und die_Bewegung wahrnahm.",Was wahrnahm sie?,die Bewegung,die Ruhe,sie,sie,F
amb,3,2,NP1,congruent,sie,unamb,"Die Bärin störte den Löwen, weil sie am späten Nachmittag hungrig war und das Versteck suchte.",Was suchte sie? (das Versteck / die Ruhe),annoyed,StimExp,7,268,-2.0,79.0,hungrig,4.51,7,störte,2.33,6,87.5,"Die_Bärin störte den_Löwen, weil sie am späten Nachmittag hungrig war und das_Versteck suchte.",Was suchte sie?,das Versteck,die Ruhe,er,sie,F
amb,4,2,NP1,incongruent,er,unamb,"Die Bärin störte den Löwen, weil er am späten Nachmittag nahe war und die Bewegung wahrnahm.",Was wahrnahm er? (die Bewegung / die Ruhe),annoyed,StimExp,7,268,-2.0,79.0,in der Nähe,33.31,9,störte,2.33,6,87.5,"Die_Bärin störte den_Löwen, weil er am späten Nachmittag nahe war und die_Bewegung wahrnahm.",Was wahrnahm er?,die Bewegung,die Ruhe,sie,sie,F
amb,5,2,NP1,congruent,er,amb,"Der Bär störte den Löwen, weil er am späten Nachmittag hungrig war und das Versteck suchte.",Was suchte er? (das Versteck / die Ruhe),annoyed,StimExp,7,268,-2.0,79.0,hungrig,4.51,7,störte,2.33,6,87.5,"Der_Bär störte den_Löwen, weil er am späten Nachmittag hungrig war und das_Versteck suchte.",Was suchte er?,das Versteck,die Ruhe,er,sie,F
amb,6,2,NP1,incongruent,er,amb,"Der Bär störte den Löwen, weil er am späten Nachmittag nahe war und die Bewegung wahrnahm.",Was wahrnahm er? (die Bewegung / die Ruhe),annoyed,StimExp,7,268,-2.0,79.0,in der Nähe,33.31,9,störte,2.33,6,87.5,"Der_Bär störte den_Löwen, weil er am späten Nachmittag nahe war und die_Bewegung wahrnahm.",Was wahrnahm er?,die Bewegung,die Ruhe,sie,sie,F
amb,7,2,NP1,congruent,sie,amb,"Der Bärin störte die Löwin, weil sie am späten Nachmittag hungrig war und das Versteck suchte.",Was suchte sie? (das Versteck / die Ruhe),annoyed,StimExp,7,268,-2.0,79.0,hungrig,4.51,7,störte,2.33,6,87.5,"Der_Bärin störte die_Löwin, weil sie am späten Nachmittag hungrig war und das_Versteck suchte.",Was suchte sie?,das Versteck,die Ruhe,er,sie,F
amb,8,2,NP1,incongruent,sie,amb,"Der Bärin störte die Löwin, weil sie am späten Nachmittag nahe war und die Bewegung wahrnahm.",Was wahrnahm sie? (die Bewegung / die Ruhe),annoyed,StimExp,7,268,-2.0,79.0,in der Nähe,33.31,9,störte,2.33,6,87.5,"Der_Bärin störte die_Löwin, weil sie am späten Nachmittag nahe war und die_Bewegung wahrnahm.",Was wahrnahm sie?,die Bewegung,die Ruhe,sie,sie,F
nonamb,9,2,NP1,congruent,er,unamb,"Der Bär störte die Löwin, weil er am späten Nachmittag aggressiv war und das Knurren austieß.",Was austieß er? (das Knurren / die Ruhe),annoyed,StimExp,7,268,-2.0,79.0,aggressiv,19.09,9,störte,2.33,6,87.5,"Der_Bär störte die_Löwin, weil er am späten Nachmittag aggressiv war und das_Knurren austieß.",Was austieß er?,das Knurren,die Ruhe,er,sie,F
nonamb,10,2,NP1,incongruent,sie,unamb,"Der Bär störte die Löwin, weil sie am späten Nachmittag erschöpft war und das Zittern zeigte.",Was zeigte sie? (das Zittern / die Ruhe),annoyed,StimExp,7,268,-2.0,79.0,erschöpft,10.12,9,störte,2.33,6,87.5,"Der_Bär störte die_Löwin, weil sie am späten Nachmittag erschöpft war und das_Zittern zeigte.",Was zeigte sie?,das Zittern,die Ruhe,er,sie,F
nonamb,11,2,NP1,congruent,sie,unamb,"Die Bärin störte den Löwen, weil sie am späten Nachmittag aggressiv war und das Knurren austieß.",Was austieß sie? (das Knurren / die Ruhe),annoyed,StimExp,7,268,-2.0,79.0,aggressiv,19.09,9,störte,2.33,6,87.5,"Die_Bärin störte den_Löwen, weil sie am späten Nachmittag aggressiv war und das_Knurren austieß.",Was austieß sie?,das Knurren,die Ruhe,er,sie,F
nonamb,12,2,NP1,incongruent,er,unamb,"Die Bärin störte den Löwen, weil er am späten Nachmittag erschöpft war und das Zittern zeigte.",Was zeigte er? (das Zittern / die Ruhe),annoyed,StimExp,7,268,-2.0,79.0,erschöpft,10.12,9,störte,2.33,6,87.5,"Die_Bärin störte den_Löwen, weil er am späten Nachmittag erschöpft war und das_Zittern zeigte.",Was zeigte er?,das Zittern,die Ruhe,er,sie,F
nonamb,13,2,NP1,congruent,er,amb,"Der Bär störte den Löwen, weil er am späten Nachmittag aggressiv war und das Knurren austieß.",Was austieß er? (das Knurren / die Ruhe),annoyed,StimExp,7,268,-2.0,79.0,aggressiv,19.09,9,störte,2.33,6,87.5,"Der_Bär störte den_Löwen, weil er am späten Nachmittag aggressiv war und das_Knurren austieß.",Was austieß er?,das Knurren,die Ruhe,er,sie,F
nonamb,14,2,NP1,incongruent,er,amb,"Der Bär störte den Löwen, weil er am späten Nachmittag erschöpft war und das Zittern zeigte.",Was zeigte er? (das Zittern / die Ruhe),annoyed,StimExp,7,268,-2.0,79.0,erschöpft,10.12,9,störte,2.33,6,87.5,"Der_Bär störte den_Löwen, weil er am späten Nachmittag erschöpft war und das_Zittern zeigte.",Was zeigte er?,das Zittern,die Ruhe,er,sie,F
nonamb,15,2,NP1,congruent,sie,amb,"Die Bärin störte die Löwin, weil sie am späten Nachmittag aggressiv war und das Knurren austieß.",Was austieß sie? (das Knurren / die Ruhe),annoyed,StimExp,7,268,-2.0,79.0,aggressiv,19.09,9,störte,2.33,6,87.5,"Die_Bärin störte die_Löwin, weil sie am späten Nachmittag aggressiv war und das_Knurren austieß.",Was austieß sie?,das Knurren,die Ruhe,er,sie,F
nonamb,16,2,NP1,incongruent,sie,amb,"Die Bärin störte die Löwin, weil sie am späten Nachmittag erschöpft war und das Zittern zeigte.",Was zeigte sie? (das Zittern / die Ruhe),annoyed,StimExp,7,268,-2.0,79.0,erschöpft,10.12,9,störte,2.33,6,87.5,"Die_Bärin störte die_Löwin, weil sie am späten Nachmittag erschöpft war und das_Zittern zeigte.",Was zeigte sie?,das Zittern,die Ruhe,er,sie,F
amb,1,4,NP1,congruent,er,unamb,"Der Schaffner verärgerte die Reisende, weil er am frühen Abend pedantisch war und die Kleinigkeit kontrollierte.",Wer verärgerte die Reisende? (der Schaffner / der Vater),antagonized,StimExp,11,1,-1.36,80.0,pedantisch,0.54,10,verärgerte,0.37,10,56.25,"Der_Schaffner verärgerte die_Reisende, weil er am frühen Abend pedantisch war und die_Kleinigkeit kontrollierte.",Wer verärgerte die Reisende?,der Schaffner,der Vater,er,er,F
amb,2,4,NP1,incongruent,sie,unamb,"Der Schaffner verärgerte die Reisende, weil sie am frühen Abend kleinlich war und das Detail beanstandete.",Wer verärgerte die Reisende? (der Schaffner / der Vater),antagonized,StimExp,11,1,-1.36,80.0,kleinlich,1.43,9,verärgerte,0.37,10,56.25,"Der_Schaffner verärgerte die_Reisende, weil sie am frühen Abend kleinlich war und das_Detail beanstandete.",Wer verärgerte die Reisende?,der Schaffner,der Vater,er,er,F
amb,3,4,NP1,congruent,sie,unamb,"Die Schaffnerin verärgerte den Reisenden, weil sie am frühen Abend pedantisch war und die Kleinigkeit kontrollierte.",Wer verärgerte den Reisenden? (die Schaffnerin / die Gladiatorin),antagonized,StimExp,11,1,-1.36,80.0,pedantisch,0.54,10,verärgerte,0.37,10,56.25,"Die_Schaffnerin verärgerte den_Reisenden, weil sie am frühen Abend pedantisch war und die_Kleinigkeit kontrollierte.",Wer verärgerte den Reisenden?,die Schaffnerin,die Gladiatorin,sie,sie,F
amb,4,4,NP1,incongruent,er,unamb,"Die Schaffnerin verärgerte den Reisenden, weil er am frühen Abend kleinlich war und das Detail beanstandete.",Wer verärgerte den Reisenden? (die Schaffnerin / die Gladiatorin),antagonized,StimExp,11,1,-1.36,80.0,kleinlich,1.43,9,verärgerte,0.37,10,56.25,"Die_Schaffnerin verärgerte den_Reisenden, weil er am frühen Abend kleinlich war und das_Detail beanstandete.",Wer verärgerte den Reisenden?,die Schaffnerin,die Gladiatorin,sie,sie,F
amb,5,4,NP1,congruent,er,amb,"Der Schaffner verärgerte den Reisenden, weil er am frühen Abend pedantisch war und die Kleinigkeit kontrollierte.",Was tat der Schaffner? (Der Schaffner verärgerte den Reisenden. / Der Schaffner schikanierte den Lehrer.),antagonized,StimExp,11,1,-1.36,80.0,pedantisch,0.54,10,verärgerte,0.37,10,56.25,"Der_Schaffner verärgerte den_Reisenden, weil er am frühen Abend pedantisch war und die_Kleinigkeit kontrollierte.",Was tat der Schaffner?,Der Schaffner verärgerte den Reisenden.,Der Schaffner schikanierte den Lehrer.,er,er,F
amb,6,4,NP1,incongruent,er,amb,"Der Schaffner verärgerte den Reisenden, weil er am frühen Abend kleinlich war und das Detail beanstandete.",Was tat der Schaffner? (Der Schaffner verärgerte den Reisenden. / Der Schaffner schikanierte den Lehrer.),antagonized,StimExp,11,1,-1.36,80.0,kleinlich,1.43,9,verärgerte,0.37,10,56.25,"Der_Schaffner verärgerte den_Reisenden, weil er am frühen Abend kleinlich war und das_Detail beanstandete.",Was tat der Schaffner?,Der Schaffner verärgerte den Reisenden.,Der Schaffner schikanierte den Lehrer.,er,er,F
amb,7,4,NP1,congruent,sie,amb,"Die Schaffnerin verärgerte die Reisende, weil sie am frühen Abend pedantisch war und die Kleinigkeit kontrollierte.",Was tat die Schaffnerin? (Die Schaffnerin verärgerte die Reisende. / Die Schaffnerin schikanierte den Lehrer.),antagonized,StimExp,11,1,-1.36,80.0,pedantisch,0.54,10,verärgerte,0.37,10,56.25,"Die_Schaffnerin verärgerte die_Reisende, weil sie am frühen Abend pedantisch war und die_Kleinigkeit kontrollierte.",Was tat die Schaffnerin?,Die Schaffnerin verärgerte die Reisende.,Die Schaffnerin schikanierte den Lehrer.,sie,sie,F
amb,8,4,NP1,incongruent,sie,amb,"Die Schaffnerin verärgerte die Reisende, weil sie am frühen Abend kleinlich war und das Detail beanstandete.",Was tat die Schaffnerin? (Die Schaffnerin verärgerte die Reisende. / Die Schaffnerin schikanierte den Lehrer.),antagonized,StimExp,11,1,-1.36,80.0,kleinlich,1.43,9,verärgerte,0.37,10,56.25,"Die_Schaffnerin verärgerte die_Reisende, weil sie am frühen Abend kleinlich war und das_Detail beanstandete.",Was tat die Schaffnerin?,Die Schaffnerin verärgerte die Reisende.,Die Schaffnerin schikanierte den Lehrer.,sie,sie,F
nonamb,9,4,NP1,congruent,er,unamb,"Der Schaffner verärgerte die Reisende, weil er am frühen Abend aufdringlich war und die Hartnäckigkeit zeigte. ",Wer verärgerte die Reisende? (der Schaffner / der Vater),antagonized,StimExp,11,1,-1.36,80.0,aufdringlich,3.73,12,verärgerte,0.37,10,56.25,"Der_Schaffner verärgerte die_Reisende, weil er am frühen Abend aufdringlich war und die_Hartnäckigkeit zeigte.",Wer verärgerte die Reisende?,der Schaffner,der Vater,er,er,F
nonamb,10,4,NP1,incongruent,sie,unamb,"Der Schaffner verärgerte die Reisende,  weil sie am frühen Abend sensibel war und das Gefühl wahrnahm. ",Wer verärgerte die Reisende? (der Schaffner / der Vater),antagonized,StimExp,11,1,-1.36,80.0,sensibel,13.76,8,verärgerte,0.37,10,56.25,"Der_Schaffner verärgerte die_Reisende, weil sie am frühen Abend sensibel war und das_Gefühl wahrnahm.",Wer verärgerte die Reisende?,der Schaffner,der Vater,er,er,F
nonamb,11,4,NP1,congruent,sie,unamb,"Die Schaffnerin verärgerte den Reisenden, weil sie am frühen Abend aufdringlich war und die Hartnäckigkeit zeigte. ",Wer verärgerte den Reisenden? (die Schaffnerin / die Gladiatorin),antagonized,StimExp,11,1,-1.36,80.0,aufdringlich,3.73,12,verärgerte,0.37,10,56.25,"Die_Schaffnerin verärgerte den_Reisenden, weil sie am frühen Abend aufdringlich war und die_Hartnäckigkeit zeigte.",Wer verärgerte den Reisenden?,die Schaffnerin,die Gladiatorin,sie,sie,F
nonamb,12,4,NP1,incongruent,er,unamb,"Die Schaffnerin verärgerte den Reisenden,  weil sie am frühen Abend sensibel war und das Gefühl wahrnahm. ",Wer verärgerte den Reisenden? (die Schaffnerin / die Gladiatorin),antagonized,StimExp,11,1,-1.36,80.0,sensibel,13.76,8,verärgerte,0.37,10,56.25,"Die_Schaffnerin verärgerte den_Reisenden, weil sie am frühen Abend sensibel war und das_Gefühl wahrnahm.",Wer verärgerte den Reisenden?,die Schaffnerin,die Gladiatorin,sie,sie,F
nonamb,13,4,NP1,congruent,er,amb,"Der Schaffner verärgerte den Reisenden, weil er am frühen Abend aufdringlich war und die Hartnäckigkeit zeigte. ",Was tat der Schaffner? (Der Schaffner verärgerte den Reisenden. / Der Schaffner schikanierte den Lehrer.),antagonized,StimExp,11,1,-1.36,80.0,aufdringlich,3.73,12,verärgerte,0.37,10,56.25,"Der_Schaffner verärgerte den_Reisenden, weil er am frühen Abend aufdringlich war und die_Hartnäckigkeit zeigte.",Was tat der Schaffner?,Der Schaffner verärgerte den Reisenden.,Der Schaffner schikanierte den Lehrer.,er,er,F
nonamb,14,4,NP1,incongruent,er,amb,"Der Schaffner verärgerte den Reisenden, weil er am frühen Abend sensibel war und das Gefühl wahrnahm. ",Was tat der Schaffner? (Der Schaffner verärgerte den Reisenden. / Der Schaffner schikanierte den Lehrer.),antagonized,StimExp,11,1,-1.36,80.0,sensibel,13.76,8,verärgerte,0.37,10,56.25,"Der_Schaffner verärgerte den_Reisenden, weil er am frühen Abend sensibel war und das_Gefühl wahrnahm.",Was tat der Schaffner?,Der Schaffner verärgerte den Reisenden.,Der Schaffner schikanierte den Lehrer.,er,er,F
nonamb,15,4,NP1,congruent,sie,amb,"Die Schaffnerin verärgerte die Reisende, weil sie am frühen Abend aufdringlich war und die Hartnäckigkeit zeigte. ",Was tat die Schaffnerin? (Die Schaffnerin verärgerte die Reisende. / Die Schaffnerin schikanierte den Lehrer.),antagonized,StimExp,11,1,-1.36,80.0,aufdringlich,3.73,12,verärgerte,0.37,10,56.25,"Die_Schaffnerin verärgerte die_Reisende, weil sie am frühen Abend aufdringlich war und die_Hartnäckigkeit zeigte.",Was tat die Schaffnerin?,Die Schaffnerin verärgerte die Reisende.,Die Schaffnerin schikanierte den Lehrer.,sie,sie,F
nonamb,16,4,NP1,incongruent,sie,amb,"Die Schaffnerin verärgerte die Reisende,  weil sie am frühen Abend sensibel war und das Gefühl wahrnahm. ",Was tat die Schaffnerin? (Die Schaffnerin verärgerte die Reisende. / Die Schaffnerin schikanierte den Lehrer.),antagonized,StimExp,11,1,-1.36,80.0,sensibel,13.76,8,verärgerte,0.37,10,56.25,"Die_Schaffnerin verärgerte die_Reisende, weil sie am frühen Abend sensibel war und das_Gefühl wahrnahm.",Was tat die Schaffnerin?,Die Schaffnerin verärgerte die Reisende.,Die Schaffnerin schikanierte den Lehrer.,sie,sie,F
amb,1,106,NP1,congruent,er,unamb,"Der Chef entschuldigte sich bei der Mitarbeiterin, weil er von Anfang an beliebt war und das Klima verbesserte.",Was verbesserte er? (das Klima / die Mission),apologized to,AgEvo,10,57,0.0,93.0,beliebt,32.17,7,entschuldigte,1.24,13,37.5,"Der_Chef entschuldigte sich bei der_Mitarbeiterin, weil er von Anfang an beliebt war und das_Klima verbesserte.",Was verbesserte er?,das Klima,die Mission,er,sie,F
amb,2,106,NP1,incongruent,sie,unamb,"Der Chef entschuldigte sich bei der Mitarbeiterin, weil sie von Anfang an sympathisch war und die Stimmung anhob.",Was anhob sie? (die Stimmung / die Mission),apologized to,AgEvo,10,57,0.0,93.0,sympathisch,9.77,11,entschuldigte,1.24,13,37.5,"Der_Chef entschuldigte sich bei der_Mitarbeiterin, weil sie von Anfang an sympathisch war und die_Stimmung anhob.",Was anhob sie?,die Stimmung,die Mission,sie,sie,F
amb,3,106,NP1,congruent,sie,unamb,"Die Chefin entschuldigte sich bei dem Mitarbeiter, weil sie von Anfang an beliebt war und das Klima verbesserte.",Was verbesserte sie? (das Klima / die Mission),apologized to,AgEvo,10,57,0.0,93.0,beliebt,32.17,7,entschuldigte,1.24,13,37.5,"Die_Chefin entschuldigte sich bei dem_Mitarbeiter, weil sie von Anfang an beliebt war und das_Klima verbesserte.",Was verbesserte sie?,das Klima,die Mission,er,sie,F
amb,4,106,NP1,incongruent,er,unamb,"Die Chefin entschuldigte sich bei dem Mitarbeiter, weil er von Anfang an sympathisch war und die Stimmung anhob.",Was anhob er? (die Stimmung / die Mission),apologized to,AgEvo,10,57,0.0,93.0,sympathisch,9.77,11,entschuldigte,1.24,13,37.5,"Die_Chefin entschuldigte sich bei dem_Mitarbeiter, weil er von Anfang an sympathisch war und die_Stimmung anhob.",Was anhob er?,die Stimmung,die Mission,sie,sie,F
amb,5,106,NP1,congruent,er,amb,"Der Chef entschuldigte sich bei dem Mitarbeiter, weil er von Anfang an beliebt war und das Klima verbesserte.",Was tat der Chef? (Der Chef entschuldigte sich bei dem Mitarbeiter. / Der Chef vertraute der Frau etwas an.),apologized to,AgEvo,10,57,0.0,93.0,beliebt,32.17,7,entschuldigte,1.24,13,37.5,"Der_Chef entschuldigte sich bei dem_Mitarbeiter, weil er von Anfang an beliebt war und das_Klima verbesserte.",Was tat der Chef?,Der Chef entschuldigte sich bei dem Mitarbeiter.,Der Chef vertraute der Frau etwas an.,er,er,F
amb,6,106,NP1,incongruent,er,amb,"Der Chef entschuldigte sich bei dem Mitarbeiter, weil er von Anfang an sympathisch war und die Stimmung anhob.",Was tat der Chef? (Der Chef entschuldigte sich bei dem Mitarbeiter. / Der Chef vertraute der Frau etwas an.),apologized to,AgEvo,10,57,0.0,93.0,sympathisch,9.77,11,entschuldigte,1.24,13,37.5,"Der_Chef entschuldigte sich bei dem_Mitarbeiter, weil er von Anfang an sympathisch war und die_Stimmung anhob.",Was tat der Chef?,Der Chef entschuldigte sich bei dem Mitarbeiter.,Der Chef vertraute der Frau etwas an.,er,er,F
amb,7,106,NP1,congruent,sie,amb,"Die Chefin entschuldigte sich bei der Mitarbeiterin, weil sie von Anfang an beliebt war und das Klima verbesserte.",Was tat die Chefin? (Die Chefin entschuldigte sich bei der Mitarbeiterin. / Die Chefin vertraute der Frau etwas an.),apologized to,AgEvo,10,57,0.0,93.0,beliebt,32.17,7,entschuldigte,1.24,13,37.5,"Die_Chefin entschuldigte sich bei der_Mitarbeiterin, weil sie von Anfang an beliebt war und das_Klima verbesserte.",Was tat die Chefin?,Die Chefin entschuldigte sich bei der Mitarbeiterin.,Die Chefin vertraute der Frau etwas an.,sie,sie,F
amb,8,106,NP1,incongruent,sie,amb,"Die Chefin entschuldigte sich bei der Mitarbeiterin, weil sie von Anfang an sympathisch war und die Stimmung anhob.",Was tat die Chefin? (Die Chefin entschuldigte sich bei der Mitarbeiterin. / Die Chefin vertraute der Frau etwas an.),apologized to,AgEvo,10,57,0.0,93.0,sympathisch,9.77,11,entschuldigte,1.24,13,37.5,"Die_Chefin entschuldigte sich bei der_Mitarbeiterin, weil sie von Anfang an sympathisch war und die_Stimmung anhob.",Was tat die Chefin?,Die Chefin entschuldigte sich bei der Mitarbeiterin.,Die Chefin vertraute der Frau etwas an.,sie,sie,F
nonamb,9,106,NP1,congruent,er,unamb,"Der Chef entschuldigte sich bei der Mitarbeiterin, weil er von Anfang an schuldbewusst war und die Reue zeigte.",Was zeigte er? (die Reue / die Mission),apologized to,AgEvo,10,57,0.0,93.0,schuldbewusst,0.12,13,entschuldigte,1.24,13,37.5,"Der_Chef entschuldigte sich bei der_Mitarbeiterin, weil er von Anfang an schuldbewusst war und die_Reue zeigte.",Was zeigte er?,die Reue,die Mission,sie,sie,F
nonamb,10,106,NP1,incongruent,sie,unamb,"Der Chef entschuldigte sich bei der Mitarbeiterin, weil sie von Anfang an verletzt war und das Zittern spürte.",Was spürte sie? (das Zittern / die Mission),apologized to,AgEvo,10,57,0.0,93.0,verletzt,50.64,8,entschuldigte,1.24,13,37.5,"Der_Chef entschuldigte sich bei der_Mitarbeiterin, weil sie von Anfang an verletzt war und das_Zittern spürte.",Was spürte sie?,das Zittern,die Mission,er,sie,F
nonamb,11,106,NP1,congruent,sie,unamb,"Die Chefin entschuldigte sich bei dem Mitarbeiter, weil sie von Anfang an schuldbewusst war und die Reue zeigte.",Was zeigte sie? (die Reue / die Mission),apologized to,AgEvo,10,57,0.0,93.0,schuldbewusst,0.12,13,entschuldigte,1.24,13,37.5,"Die_Chefin entschuldigte sich bei dem_Mitarbeiter, weil sie von Anfang an schuldbewusst war und die_Reue zeigte.",Was zeigte sie?,die Reue,die Mission,sie,sie,F
nonamb,12,106,NP1,incongruent,er,unamb,"Die Chefin entschuldigte sich bei dem Mitarbeiter, weil er von Anfang an verletzt war und das Zittern spürte.",Was spürte er? (das Zittern / die Mission),apologized to,AgEvo,10,57,0.0,93.0,verletzt,50.64,8,entschuldigte,1.24,13,37.5,"Die_Chefin entschuldigte sich bei dem_Mitarbeiter, weil er von Anfang an verletzt war und das_Zittern spürte.",Was spürte er?,das Zittern,die Mission,er,sie,F
nonamb,13,106,NP1,congruent,er,amb,"Der Chef entschuldigte sich bei dem Mitarbeiter,  weil er von Anfang an schuldbewusst war und die Reue zeigte.",Was tat der Chef? (Der Chef entschuldigte sich bei dem Mitarbeiter. / Der Chef vertraute der Frau etwas an.),apologized to,AgEvo,10,57,0.0,93.0,schuldbewusst,0.12,13,entschuldigte,1.24,13,37.5,"Der_Chef entschuldigte sich bei dem_Mitarbeiter, weil er von Anfang an schuldbewusst war und die_Reue zeigte.",Was tat der Chef?,Der Chef entschuldigte sich bei dem Mitarbeiter.,Der Chef vertraute der Frau etwas an.,er,er,F
nonamb,14,106,NP1,incongruent,er,amb,"Der Chef entschuldigte sich bei dem Mitarbeiter,  weil er von Anfang an verletzt war und das Zittern spürte.",Was tat der Chef? (Der Chef entschuldigte sich bei dem Mitarbeiter. / Der Chef vertraute der Frau etwas an.),apologized to,AgEvo,10,57,0.0,93.0,verletzt,50.64,8,entschuldigte,1.24,13,37.5,"Der_Chef entschuldigte sich bei dem_Mitarbeiter, weil er von Anfang an verletzt war und das_Zittern spürte.",Was tat der Chef?,Der Chef entschuldigte sich bei dem Mitarbeiter.,Der Chef vertraute der Frau etwas an.,er,er,F
nonamb,15,106,NP1,congruent,sie,amb,"Die Chefin entschuldigte sich bei der Mitarbeiterin, weil sie von Anfang an schuldbewusst war und die Reue zeigte.",Was tat die Chefin? (Die Chefin entschuldigte sich bei der Mitarbeiterin. / Die Chefin vertraute der Frau etwas an.),apologized to,AgEvo,10,57,0.0,93.0,schuldbewusst,0.12,13,entschuldigte,1.24,13,37.5,"Die_Chefin entschuldigte sich bei der_Mitarbeiterin, weil sie von Anfang an schuldbewusst war und die_Reue zeigte.",Was tat die Chefin?,Die Chefin entschuldigte sich bei der Mitarbeiterin.,Die Chefin vertraute der Frau etwas an.,sie,sie,F
nonamb,16,106,NP1,incongruent,sie,amb,"Die Chefin entschuldigte sich bei der Mitarbeiterin, weil sie von Anfang an verletzt war und das Zittern spürte.",Was tat die Chefin? (Die Chefin entschuldigte sich bei der Mitarbeiterin. / Die Chefin vertraute der Frau etwas an.),apologized to,AgEvo,10,57,0.0,93.0,verletzt,50.64,8,entschuldigte,1.24,13,37.5,"Die_Chefin entschuldigte sich bei der_Mitarbeiterin, weil sie von Anfang an verletzt war und das_Zittern spürte.",Was tat die Chefin?,Die Chefin entschuldigte sich bei der Mitarbeiterin.,Die Chefin vertraute der Frau etwas an.,sie,sie,F
amb,1,91,NP1,congruent,er,unamb,"Der Schamane entsetzte die Anwohnerin, weil er in der Dämmerung ungewöhnlich war und die Wahrnehmung veränderte.",Wer war ungewöhnlich? (der Schamane / die Anwohnerin),appalled,StimExp,8,32,-2.45,78.0,ungewöhnlich,28.26,12,entsetzte,0.44,8,75.0,"Der_Schamane entsetzte die_Anwohnerin, weil er in der_Dämmerung ungewöhnlich war und die_Wahrnehmung veränderte.",Wer war ungewöhnlich?,der Schamane,die Anwohnerin,er,sie,F
amb,2,91,NP1,incongruent,sie,unamb,"Der Schamane entsetzte die Anwohnerin, weil sie in der Dämmerung merkwürdig war und die Umgebung irritierte.",Wer war merkwürdig? (der Schamane / die Anwohnerin),appalled,StimExp,8,32,-2.45,78.0,merkwürdig,16.27,10,entsetzte,0.44,8,75.0,"Der_Schamane entsetzte die_Anwohnerin, weil sie in der_Dämmerung merkwürdig war und die_Umgebung irritierte.",Wer war merkwürdig?,der Schamane,die Anwohnerin,er,sie,J
amb,3,91,NP1,congruent,sie,unamb,"Die Schamanin entsetzte den Anwohner, weil sie in der Dämmerung ungewöhnlich war und die Wahrnehmung veränderte.",Wer war ungewöhnlich? (die Schamanin / der Anwohner),appalled,StimExp,8,32,-2.45,78.0,ungewöhnlich,28.26,12,entsetzte,0.44,8,75.0,"Die_Schamanin entsetzte den_Anwohner, weil sie in der_Dämmerung ungewöhnlich war und die_Wahrnehmung veränderte.",Wer war ungewöhnlich?,die Schamanin,der Anwohner,sie,er,F
amb,4,91,NP1,incongruent,er,unamb,"Die Schamanin entsetzte den Anwohner, weil er in der Dämmerung merkwürdig war und die Umgebung irritierte.",Wer war merkwürdig? (die Schamanin / der Anwohner),appalled,StimExp,8,32,-2.45,78.0,merkwürdig,16.27,10,entsetzte,0.44,8,75.0,"Die_Schamanin entsetzte den_Anwohner, weil er in der_Dämmerung merkwürdig war und die_Umgebung irritierte.",Wer war merkwürdig?,die Schamanin,der Anwohner,sie,er,J
amb,5,91,NP1,congruent,er,amb,"Der Schamane entsetzte den Anwohner, weil er in der Dämmerung ungewöhnlich war und die Wahrnehmung veränderte.",Wen entsetzte der Schamane? (den Anwohner / den Großvater),appalled,StimExp,8,32,-2.45,78.0,ungewöhnlich,28.26,12,entsetzte,0.44,8,75.0,"Der_Schamane entsetzte den_Anwohner, weil er in der_Dämmerung ungewöhnlich war und die_Wahrnehmung veränderte.",Wen entsetzte der Schamane?,den Anwohner,den Großvater,er,er,F
amb,6,91,NP1,incongruent,er,amb,"Der Schamane entsetzte den Anwohner, weil er in der Dämmerung merkwürdig war und die Umgebung irritierte.",Wen entsetzte der Schamane? (den Anwohner / den Großvater),appalled,StimExp,8,32,-2.45,78.0,merkwürdig,16.27,10,entsetzte,0.44,8,75.0,"Der_Schamane entsetzte den_Anwohner, weil er in der_Dämmerung merkwürdig war und die_Umgebung irritierte.",Wen entsetzte der Schamane?,den Anwohner,den Großvater,er,er,F
amb,7,91,NP1,congruent,sie,amb,"Die Schamanin entsetzte die Anwohnerin, weil sie in der Dämmerung ungewöhnlich war und die Wahrnehmung veränderte.",Wen entsetzte die Schamanin? (die Anwohnerin / die Polizistin),appalled,StimExp,8,32,-2.45,78.0,ungewöhnlich,28.26,12,entsetzte,0.44,8,75.0,"Die_Schamanin entsetzte die_Anwohnerin, weil sie in der_Dämmerung ungewöhnlich war und die_Wahrnehmung veränderte.",Wen entsetzte die Schamanin?,die Anwohnerin,die Polizistin,sie,sie,F
amb,8,91,NP1,incongruent,sie,amb,"Die Schamanin entsetzte die Anwohnerin, weil sie in der Dämmerung merkwürdig war und die Umgebung irritierte.",Wen entsetzte die Schamanin? (die Anwohnerin / die Polizistin),appalled,StimExp,8,32,-2.45,78.0,merkwürdig,16.27,10,entsetzte,0.44,8,75.0,"Die_Schamanin entsetzte die_Anwohnerin, weil sie in der_Dämmerung merkwürdig war und die_Umgebung irritierte.",Wen entsetzte die Schamanin?,die Anwohnerin,die Polizistin,sie,sie,F
nonamb,9,91,NP1,congruent,er,unamb,"Der Schamane entsetzte die Anwohnerin, weil er in der Dämmerung gefährlich war und das Zischen erzeugte.",Wer war gefährlich? (der Schamane / die Anwohnerin),appalled,StimExp,8,32,-2.45,78.0,gefährlich,62.41,10,entsetzte,0.44,8,75.0,"Der_Schamane entsetzte die_Anwohnerin, weil er in der_Dämmerung gefährlich war und das_Zischen erzeugte.",Wer war gefährlich?,der Schamane,die Anwohnerin,er,sie,F
nonamb,10,91,NP1,incongruent,sie,unamb,"Der Schamane entsetzte die Anwohnerin, weil sie in der Dämmerung ängstlich war und das Wimmern hervorbrachte.",Wer war ängstlich? (der Schamane / die Anwohnerin),appalled,StimExp,8,32,-2.45,78.0,ängstlich,7.09,9,entsetzte,0.44,8,75.0,"Der_Schamane entsetzte die_Anwohnerin, weil sie in der_Dämmerung ängstlich war und das_Wimmern hervorbrachte.",Wer war ängstlich?,der Schamane,die Anwohnerin,er,sie,J
nonamb,11,91,NP1,congruent,sie,unamb,"Die Schamanin entsetzte den Anwohner, weil sie in der Dämmerung gefährlich war und das Zischen erzeugte.",Wer war gefährlich? (die Schamanin / der Anwohner),appalled,StimExp,8,32,-2.45,78.0,gefährlich,62.41,10,entsetzte,0.44,8,75.0,"Die_Schamanin entsetzte den_Anwohner, weil sie in der_Dämmerung gefährlich war und das_Zischen erzeugte.",Wer war gefährlich?,die Schamanin,der Anwohner,sie,er,F
nonamb,12,91,NP1,incongruent,er,unamb,"Die Schamanin entsetzte den Anwohner, weil er in der Dämmerung ängstlich war und das Wimmern hervorbrachte.",Wer war ängstlich? (die Schamanin / der Anwohner),appalled,StimExp,8,32,-2.45,78.0,ängstlich,7.09,9,entsetzte,0.44,8,75.0,"Die_Schamanin entsetzte den_Anwohner, weil er in der_Dämmerung ängstlich war und das_Wimmern hervorbrachte.",Wer war ängstlich?,die Schamanin,der Anwohner,sie,er,J
nonamb,13,91,NP1,congruent,er,amb,"Der Schamane entsetzte den Anwohner, weil er in der Dämmerung gefährlich war und das Zischen erzeugte.",Wen entsetzte der Schamane? (den Anwohner / den Großvater),appalled,StimExp,8,32,-2.45,78.0,gefährlich,62.41,10,entsetzte,0.44,8,75.0,"Der_Schamane entsetzte den_Anwohner, weil er in der_Dämmerung gefährlich war und das_Zischen erzeugte.",Wen entsetzte der Schamane?,den Anwohner,den Großvater,er,er,F
nonamb,14,91,NP1,incongruent,er,amb,"Der Schamane entsetzte den Anwohner, weil er in der Dämmerung ängstlich war und das Wimmern hervorbrachte.",Wen entsetzte der Schamane? (den Anwohner / den Großvater),appalled,StimExp,8,32,-2.45,78.0,ängstlich,7.09,9,entsetzte,0.44,8,75.0,"Der_Schamane entsetzte den_Anwohner, weil er in der_Dämmerung ängstlich war und das_Wimmern hervorbrachte.",Wen entsetzte der Schamane?,den Anwohner,den Großvater,er,er,F
nonamb,15,91,NP1,congruent,sie,amb,"Die Schamanin entsetzte die Anwohnerin, weil sie in der Dämmerung gefährlich war und das Zischen erzeugte.",Wen entsetzte die Schamanin? (die Anwohnerin / die Polizistin),appalled,StimExp,8,32,-2.45,78.0,gefährlich,62.41,10,entsetzte,0.44,8,75.0,"Die_Schamanin entsetzte die_Anwohnerin, weil sie in der_Dämmerung gefährlich war und das_Zischen erzeugte.",Wen entsetzte die Schamanin?,die Anwohnerin,die Polizistin,sie,sie,F
nonamb,16,91,NP1,incongruent,sie,amb,"Die Schamanin entsetzte die Anwohnerin, weil sie in der Dämmerung ängstlich war und das Wimmern hervorbrachte.",Wen entsetzte die Schamanin? (die Anwohnerin / die Polizistin),appalled,StimExp,8,32,-2.45,78.0,ängstlich,7.09,9,entsetzte,0.44,8,75.0,"Die_Schamanin entsetzte die_Anwohnerin, weil sie in der_Dämmerung ängstlich war und das_Wimmern hervorbrachte.",Wen entsetzte die Schamanin?,die Anwohnerin,die Polizistin,sie,sie,F
